<?xml version="1.0" encoding="UTF-8"?>
<!DOCTYPE mapper
  PUBLIC "-//mybatis.org//DTD Mapper 3.0//EN"
  "https://mybatis.org/dtd/mybatis-3-mapper.dtd">
  
<mapper namespace="com.five.member.mapper.MemberMapper">
	<!-- 일반회원 회원가입 쿼리 -->
  <insert id="joinN" parameterType="com.five.member.entity.memberNVO">
	insert into member
	values (#{m_id}, #{m_pw}, #{m_name}, #{m_birth}, #{m_email}, #{m_phone}, #{m_place}, #{m_type})
  </insert>
  
 	<!-- 일반회원 로그인 쿼리 -->
  <select id="loginN" parameterType="com.five.member.entity.memberNVO" resultType="com.five.member.entity.memberNVO">
  	select *
  	from member
  	where m_id = #{m_id}
  	and m_pw = #{m_pw}
  </select>
  
	<!-- 기업회원 회원가입 쿼리 -->
  <insert id="joinE" parameterType="com.five.member.entity.memberEVO">
	insert into member_ent
	values (#{e_id}, #{e_pw}, #{e_name}, #{e_email}, #{e_phone}, #{e_place},#{e_num})
  </insert>
  
	<!-- 기업회원 로그인 쿼리 -->
  <select id="loginE" parameterType="com.five.member.entity.memberEVO" resultType="com.five.member.entity.memberEVO">
  	select *
  	from member_ent
  	where e_id = #{e_id}
  	and e_pw = #{e_pw}
  </select>
  
  <!-- 회원정보 꺼내오는 쿼리  -->
  <select id="selectMemberInfo" parameterType="String" resultType="com.five.member.entity.memberNVO">
  	select * 
  	from member
  	where m_id = #{m_id}
  </select>
</mapper>